{
  "threshold": 0.5359877226466605,
  "min_precision": 0.8,
  "pr_auc": 0.9225774197237911
}